"ハーフルト商会",
"ルムバッハ商会",
"イーザッハ商会",
"ルロイテン商会",
"テンブルク商会",
"デルベルク商会",
"デルメルン商会",
"ノイマイン商会",
"ルレベルク商会",
"シュルック商会",
"スブルバッハ商会",
"ドナウリッヒ商会",
"レーベルク商会",
"ヘルムシェ商会",
"バーアウエ商会",
"アイスロー商会",
"リンゲラ商会",
"ゼンフルト商会",
"イスブルク商会",
"レイオット商会",
"ライジンク商会",
"リンブルク商会",
"イニヒェン商会",
"ハーフェン商会",
"サーブルック商会",
"ランデア商会",
"ビットロー商会",
"ルプゼルプ商会",
"スハイセン商会",
"ホンブルク商会",
"ケンブルク商会",
"ヒマ－セン商会",
"トルガスト商会",
"レスラッハ商会",
"ノイハイム商会",
"ラーフェン商会",
"ライプテン商会",
"ハーフルダ商会",
"トハウエン商会",
"ベルリッツ商会",
"ヴァイデン商会",
"マンハレ商会",
"ターヴィヒ商会",
"ゲッピーマ商会",
"トリアム商会",
"ブクスラウ商会",
"ズナブルク商会",
"リスホルン商会",
"バウツェン商会",
"ラルズール商会",
"イブルムス商会",
"イエルバッハ商会",


"タンザーロ商会",
"ブレシーナ商会",
"ヴァルビア商会",
"メーツィア商会",
"テポルンバ商会",
"ステルメッロ商会",
"ウルビーコ商会",
"フィウーノ商会",
"ピアチーナ商会",
"ストイーノ商会",
"ネーローナ商会",
"サンドリア商会",
"リンディア商会",
"テリブリア商会",
"ペリアーテ商会",
"リエストラ商会",
"ピエトイア商会",
"マントーネ商会",
"リブレグラ商会",
"コリピサ商会",
"サクローロ商会",
"パレルーノ商会",
"ルマダーマ商会",
"インペーナ商会",
"メッシーナ商会",
"テルマーノ商会",
"クロトリノ商会",
"ルデノーネ商会",
"トレスポリ商会",
"ルソラータ商会",
"タニッセッタ商会",
"カンポーリ商会",
"ベッレント商会",
"テスケーノ商会",
"スカレッコ商会",
"アスコーネ商会",
"タニッセート商会",
"ヴァレント商会",
"トッレント商会",
"エーテルボ商会",
"コッレモナ商会",
"ウルビーノ商会",
"ステルフォ商会",
"テーラント商会",
"ラヌゼルタ商会",
"カルターノ商会",
"テーラーテ商会",
"バレストラ商会",
"カプラント商会",
"スビアーノ商会",
"ソンドリオ商会",
"ヴァノーネ商会",
"バルソット商会",
"フィアーノ商会",
"モンテーラ商会",
"カステソット商会",
"ヴァレーダ商会",
"テルセーナ商会",
"タンザーペ商会",
"レピエンナ商会",
"ゼンツィオ商会",
"リーディジ商会",
"ヌーオーナ商会",
"オパウーノ商会",
"モンテルニ商会",
"テルセッタ商会",
"アステーナ商会",
"ヴァレーゼ商会",
"カンポンテ商会",
"ラクイーノ商会",
"ペリアーノ商会",
"ドッセーナ商会",
"フィレルノ商会",
"ディカーラ商会",
"ボルツィア商会",
"リーデーア商会",
"カマストラ商会",
"ジョエステ商会",
"グロッセーナ商会",
"ベネヴォリ商会",
"バーリ商会",
"リブレルモ商会",
"スビアーテ商会",
"トッレーゼ商会",
"レッテーラ商会",
"フォルフォ商会",
"イグレント商会",
"プレネーミ商会",
"ゴルガ商会",
"ルングーザ商会",
"タニッセーナ商会",
"ブリオスタ商会",
"ロジノーネ商会",
"ウーデーア商会",
"ロッカーラ商会",
"ピオパルマ商会",
"コリピーノ商会",
"スビアーナ商会",
"トッレーダ商会",
"ジョディジ商会",
"ステルソリ商会",
"ラリアーノ商会",
"バレスポリ商会",
"チェナーラ商会",
"パウザーロ商会",
"チェルーノ商会"